Time (mins),FC1,FC2,FG,TO,FO,DT,TS1,TS2
0.0,100.00000247,100.00000247,95.000000361,788.000006,200.0,-1.1511625e-14,1262.0,1262.0
1.0,100.00000306,100.00000306,95.000000916,788.000006,200.0,-1.1511625e-14,1262.0,1262.0
2.0,100.00000251,100.00000251,95.000000755,788.000006,200.000002,-6.08493699e-16,1262.0,1262.0
3.0,99.64407705,100.33387333,94.95887151,788.038203,200.000003,-0.206790021,1261.51059,1262.75133
4.0,99.847156457,100.30695749,95.274107413,787.779146,200.000004,-0.176642133,1261.03912,1261.27181
5.0,99.698401376,100.45652606,95.351218654,787.458388,199.992653,-0.284527087,1260.37648,1260.98671
6.0,99.74427581,100.17514698,95.110887998,787.551594,200.046473,-0.211653708,1261.61057,1261.30299
7.0,99.200275555,100.64389891,95.130214428,787.688194,200.082624,-0.513348427,1260.95616,1262.56889
8.0,99.059931053,100.54661581,94.764768426,788.040315,200.028224,-0.576169321,1262.65143,1263.54831
9.0,99.804330088,100.05986218,95.166413393,787.96433,199.966874,-0.248205532,1263.07607,1261.25071
10.0,100.21013406,99.684710574,95.126948717,787.756297,199.846765,0.0324325173,1263.17572,1260.73893
11.0,100.20074213,99.651676667,95.030894031,787.830529,199.852574,0.131481909,1262.83326,1261.54121
12.0,100.38233301,99.351975923,94.779157887,788.153711,199.866664,0.34848316,1263.77109,1262.33591
13.0,100.26599611,99.708461915,95.101455073,788.090765,199.861916,0.281528573,1262.08588,1262.30826
14.0,99.801797938,100.22973134,95.116647935,787.878724,199.81938,0.0106056422,1260.80282,1262.83911
15.0,99.547612707,100.50031711,95.163389754,787.776176,199.871073,-0.193402127,1260.48791,1262.60152
16.0,99.216650179,100.55545284,94.71849039,788.136217,199.924558,-0.380796361,1262.01702,1263.83439
17.0,98.855119262,100.95356076,94.740859792,788.459568,199.965682,-0.681493372,1262.08116,1264.36004
18.0,98.256837003,101.59362378,94.641177526,788.617213,199.901155,-1.14302882,1261.81324,1265.16269
19.0,98.234381869,101.93986445,95.01293983,788.373567,199.87033,-1.38338517,1261.02903,1263.32653
20.0,98.978794921,101.47521995,95.398560152,787.749594,199.863707,-1.12945004,1261.0207,1259.85797
21.0,99.471038686,100.80792324,95.202519127,787.557176,199.96722,-0.775647734,1262.06935,1259.18463
22.0,99.319901188,100.73904946,95.041969864,787.764064,200.129485,-0.704406304,1262.08947,1260.66388
23.0,99.431574564,100.3949153,94.789594907,788.120954,200.179311,-0.485121536,1263.29731,1261.80366
24.0,100.24317441,99.610338796,94.863861545,788.262792,200.139191,0.081675449,1264.44265,1260.9048
25.0,101.01189389,98.938354345,94.95912962,788.15471,200.034957,0.672087082,1264.47232,1260.20136
26.0,101.33702013,98.594310577,94.837165892,788.190479,199.974476,1.07770296,1264.12467,1260.98817
27.0,101.27667544,98.79444763,94.989555567,788.144671,199.9664,1.18602107,1262.44206,1261.68915
28.0,101.06326201,99.109103477,95.097963759,787.959223,199.95471,1.1361302,1261.02423,1262.04165
29.0,100.6751169,99.560487803,95.239220183,787.725705,199.993514,0.913575127,1259.71391,1262.16916
30.0,100.512702,99.693499443,95.323652827,787.503844,200.053131,0.78106278,1259.52786,1261.66948
31.0,100.57952046,99.423979436,95.179097366,787.52017,200.113956,0.819347646,1260.7642,1261.49798
32.0,100.78923099,99.148571547,95.271452647,787.503759,200.144704,0.932906053,1261.32837,1260.99539
33.0,100.21150968,99.478700956,94.982537074,787.696766,200.097636,0.664611162,1261.43504,1263.04604
34.0,99.732834756,99.94288057,95.009758062,787.878862,200.044359,0.33124985,1261.1785,1263.88244
35.0,99.204890558,100.5382635,95.064078402,787.862535,199.926309,-0.10867936,1260.66348,1264.18283
36.0,99.090277805,100.81902372,95.279592962,787.641368,199.842778,-0.374784888,1260.38661,1262.92426
37.0,98.885805273,100.95870037,95.142737156,787.607069,199.80957,-0.611437034,1260.95842,1262.79017
38.0,99.091420112,100.87977706,95.403807309,787.45051,199.842814,-0.636401912,1260.99508,1261.28847
39.0,99.019622078,100.77447706,95.1715332,787.480361,199.843378,-0.682108544,1261.79383,1261.72318
40.0,99.287663205,100.24610105,94.796180763,787.967431,199.885984,-0.470188409,1264.01257,1262.41939
41.0,99.160246613,100.20654034,94.408753146,788.663593,199.855356,-0.463403425,1265.21116,1264.44796
42.0,99.489680755,100.26896637,94.787939158,788.716147,199.748159,-0.354392295,1264.27107,1263.38367
43.0,99.566278136,100.63739137,95.228842439,788.119299,199.621035,-0.404827272,1261.77495,1261.85237
44.0,99.25657995,101.12092828,95.421253027,787.561362,199.666906,-0.629547,1259.71136,1261.22638
45.0,98.967792979,101.09467171,94.981570024,787.733941,199.845827,-0.743883866,1260.91545,1262.21889
46.0,99.013289845,100.92401433,94.909134004,788.091983,200.023054,-0.72039538,1262.09717,1262.38131
47.0,98.98106217,101.00887491,95.052664695,788.064632,200.036191,-0.76611328,1261.83856,1262.17759
48.0,99.531728827,100.62628244,95.399867784,787.625197,200.003229,-0.488744844,1261.56811,1260.07892
49.0,100.38760229,99.607738334,95.248476101,787.438375,199.998798,0.132695502,1263.1057,1258.9902
50.0,100.61473231,99.171471556,95.049737993,787.656712,200.051869,0.493569486,1263.50785,1260.29037
51.0,100.27548284,99.329302384,94.788007486,788.06514,200.033026,0.511730585,1263.33328,1262.8315
52.0,100.03963375,99.659540318,94.862063592,788.249065,199.950752,0.430433392,1262.59135,1263.70247
53.0,99.236992387,100.55738778,94.84288762,788.277722,199.83543,-0.0622679333,1261.11289,1265.06571
54.0,98.054601786,101.90462338,94.945986417,788.218197,199.790011,-0.915225075,1259.1538,1266.01015
55.0,97.425519607,102.74549183,95.182702593,787.944979,199.791467,-1.57777452,1258.39689,1264.71373
56.0,97.885121546,102.53301205,95.631069025,787.336197,199.847387,-1.62390045,1258.81579,1260.79477
57.0,98.823526927,101.51737909,95.74440454,786.815266,199.955262,-1.16350204,1260.46161,1257.75871
58.0,99.580703859,100.36171958,95.482385379,786.839959,200.109553,-0.535933446,1262.59409,1257.59969
59.0,99.636994234,99.768099856,94.934163606,787.471335,200.18667,-0.159042161,1264.35248,1260.64062
60.0,99.435752062,99.785138594,94.737880826,788.096168,200.105255,-0.0362979901,1264.60861,1263.33808
61.0,99.945949685,99.542541002,95.040948366,788.073596,199.871868,0.312749352,1264.15033,1262.50546
62.0,100.0696547,99.756302752,95.392045716,787.585175,199.654875,0.408050618,1261.99024,1261.66718
63.0,99.628971725,100.10569915,95.105026216,787.564769,199.599414,0.25319205,1261.39896,1263.06722
64.0,99.378619626,100.35058791,95.039896528,787.824209,199.674928,0.112802736,1261.46726,1263.6327
65.0,99.296013073,100.59430827,95.250517023,787.750744,199.694843,-0.0160439672,1260.91027,1262.95916
66.0,98.665722003,101.10774755,95.022738983,787.822364,199.706298,-0.401806506,1260.75435,1264.15445
67.0,98.181914825,101.60818657,95.057946995,787.934125,199.767639,-0.789571283,1260.5696,1264.35066
68.0,98.278393758,101.55701972,95.104415976,787.89258,199.769583,-0.867303864,1261.33577,1263.19686
69.0,98.593131971,101.193911,94.986422615,787.960401,199.776422,-0.737363084,1262.62437,1262.46019
70.0,99.16662604,100.56296947,94.825174486,788.195628,199.796086,-0.373689234,1264.15677,1262.01158
71.0,99.287892257,100.74098984,95.244573294,787.961853,199.793072,-0.302570296,1262.21347,1261.38582
72.0,98.482856107,101.70877831,95.49561321,787.429472,199.771913,-0.758309818,1259.03913,1262.10876
73.0,97.37916466,102.69009087,95.436286248,787.203827,199.857569,-1.42772571,1257.66163,1263.35634
74.0,96.567788699,103.23764356,95.216232392,787.375745,199.968924,-1.99309856,1258.57759,1264.22285
75.0,96.511059072,103.10626148,95.066557624,787.665409,200.002368,-2.16061967,1260.86523,1263.75477
76.0,96.524590332,102.99864536,94.944614394,787.918172,199.936723,-2.23898835,1262.37921,1263.66269
77.0,96.352562052,103.44182603,95.356529891,787.662925,199.830255,-2.46551925,1260.9458,1262.76322
78.0,96.14884263,103.75359514,95.506419031,787.229049,199.727916,-2.65251986,1260.00714,1262.00668
79.0,96.054789784,103.65668603,95.25413022,787.282316,199.750073,-2.67894686,1261.05159,1262.25173
80.0,96.065297038,103.48826473,95.061484589,787.631559,199.800861,-2.61795581,1262.31402,1262.81769
81.0,95.998980144,103.42846338,94.807417244,788.068228,199.771066,-2.57256281,1263.3853,1263.93604
82.0,96.090078312,103.51972703,94.968292369,788.17658,199.698565,-2.50619042,1263.00445,1263.66584
83.0,96.796187593,103.22358927,95.501945019,787.624251,199.608191,-2.12790557,1261.84995,1260.85195
84.0,97.644494571,102.54895457,95.805159205,786.909034,199.608729,-1.52960936,1261.12211,1258.40399
85.0,97.744330053,102.13370448,95.497420026,786.846931,199.745745,-1.15332481,1261.30639,1259.65168
86.0,97.764439756,101.83260527,95.314111907,787.169937,199.89498,-0.837029887,1261.83307,1261.26829
87.0,97.662276323,101.7588085,95.193335967,787.443924,199.889332,-0.652190847,1262.06733,1262.80781
88.0,97.685522197,101.83213942,95.427805423,787.341132,199.791903,-0.517592297,1261.23784,1262.76266
89.0,97.471187178,101.98761997,95.335093893,787.258414,199.668297,-0.514228022,1260.92108,1263.45462
90.0,97.450084279,102.02468817,95.366360586,787.272974,199.618085,-0.45997851,1260.90799,1263.4189
91.0,97.299065388,102.03644617,95.076872727,787.545862,199.564992,-0.450838343,1261.76165,1264.4363
92.0,97.639925416,101.74678834,95.053753341,787.821899,199.534919,-0.216127463,1262.71813,1264.05699
93.0,97.670142445,101.84418493,95.086092303,787.891345,199.46845,-0.155164922,1262.27844,1264.18027
94.0,97.398019518,102.32017258,95.265456381,787.739375,199.441204,-0.30824756,1260.70411,1264.18311
95.0,97.267144221,102.70354841,95.628310311,787.274466,199.465579,-0.444497081,1259.00181,1262.89973
96.0,96.945679973,102.907476,95.513210704,787.059434,199.549783,-0.614131253,1258.88562,1262.98075
97.0,96.995466523,102.7519285,95.543555992,787.035828,199.690087,-0.582276757,1259.56199,1262.41244
98.0,97.190970147,102.48788242,95.653379944,786.889163,199.744443,-0.442764663,1259.97924,1261.69846
99.0,97.044041285,102.40990155,95.494733775,786.908874,199.745427,-0.418803452,1260.44277,1262.55565
100.0,96.92096159,102.45953277,95.558966283,786.925184,199.723236,-0.425480339,1260.36967,1262.93689
101.0,97.093970964,102.19833493,95.515304794,786.922475,199.633471,-0.262533242,1261.09495,1262.8347
102.0,97.186016706,102.10009498,95.567373108,786.900161,199.549146,-0.149062281,1261.09744,1262.85483
103.0,97.619832028,101.61934967,95.508455847,786.929816,199.463532,0.188569982,1261.97777,1262.49008
104.0,97.595773679,101.52283796,95.284656968,787.194139,199.404392,0.31601663,1262.35442,1263.76955
105.0,97.392288405,101.70381474,95.146862049,787.534907,199.349322,0.291358054,1262.30954,1265.09715
106.0,97.040857715,102.32082603,95.427686363,787.457654,199.272419,0.0456603772,1260.56392,1265.14006
107.0,96.821034434,102.72323957,95.596397539,787.13758,199.213647,-0.165760309,1259.49854,1264.35776
108.0,96.686777467,102.8089906,95.492063568,787.072612,199.262993,-0.287541306,1259.8527,1264.06088
109.0,95.973217043,103.42773551,95.371307502,787.236681,199.356753,-0.734683612,1259.47516,1265.29202
110.0,95.292627272,104.07468242,95.332851352,787.379492,199.403091,-1.23099287,1259.32899,1265.96411
111.0,95.225002434,104.23920281,95.492089262,787.279808,199.402378,-1.43992427,1259.67709,1264.6938
112.0,94.94566498,104.61336224,95.673148397,786.986352,199.390689,-1.7372,1259.02961,1263.88387
113.0,94.958927156,104.54441285,95.670213701,786.805897,199.415194,-1.79762847,1259.5866,1263.04564
114.0,95.347580338,103.99472646,95.530529023,786.887315,199.463138,-1.54954635,1261.2468,1262.44921
115.0,95.078741077,104.10788352,95.358969916,787.140413,199.476539,-1.60663875,1261.4281,1263.89517
116.0,95.167005555,104.04241706,95.404676641,787.253622,199.431795,-1.50936792,1261.62707,1263.92619
117.0,95.29443018,104.13464788,95.744922827,786.938446,199.350072,-1.43511337,1260.44595,1262.92288
118.0,95.906194186,103.68012332,96.062016624,786.373311,199.303189,-1.04643916,1259.98389,1260.76623
119.0,96.281839624,103.32237559,96.326150509,785.807825,199.345152,-0.696428375,1259.05452,1259.61362
120.0,96.343722716,102.76082936,95.835028851,785.963168,199.42554,-0.349072965,1260.5726,1261.34152
121.0,96.517236619,102.20770274,95.504050437,786.576168,199.485098,0.0375656848,1262.41578,1263.21871
122.0,96.440249562,102.13878548,95.318792422,787.074497,199.358249,0.210195289,1262.9606,1265.19001
123.0,96.488131088,102.3452007,95.613744012,787.029708,199.147146,0.297902518,1261.73619,1265.05916
124.0,96.880877594,102.11072344,95.675591679,786.812318,198.957775,0.57676927,1261.59459,1264.09192
125.0,97.222310508,101.67876475,95.349179587,787.063731,198.916294,0.911146035,1262.71956,1264.51411
126.0,96.582943659,102.46262529,95.416043044,787.29241,198.941397,0.609305816,1260.79695,1266.21556
127.0,96.093649794,103.03448372,95.342025416,787.404561,198.927956,0.306357966,1260.19223,1266.90322
128.0,95.885883939,103.236116,95.135896247,787.679553,198.967161,0.124124825,1260.9763,1267.08731
129.0,95.535538877,103.68863599,95.091789142,787.916308,199.020819,-0.184705016,1260.88787,1267.29087
130.0,94.95011341,104.60400494,95.4295088,787.692101,199.054546,-0.720463565,1258.88621,1266.65189
131.0,95.097611779,104.71115636,95.748426703,787.145465,199.111089,-0.845838398,1258.36152,1264.01418
132.0,95.315832672,104.53401795,95.919702813,786.659176,199.258765,-0.815967602,1258.28264,1262.10351
133.0,95.121997207,104.54103765,95.885457413,786.450514,199.4421,-0.895062101,1258.23919,1262.19722
134.0,94.808332536,104.68961933,95.97754351,786.296943,199.578017,-1.03458296,1257.94293,1262.51583
135.0,94.593419066,104.55210048,95.73184886,786.388828,199.606356,-1.06800365,1259.21652,1263.45763
136.0,95.128301206,103.83765059,95.696268138,786.549318,199.570221,-0.691015906,1261.1754,1262.87024
137.0,95.630759045,103.35166817,95.855289589,786.442409,199.428654,-0.304472292,1261.42506,1262.29889
138.0,95.752801138,103.11311015,95.706781541,786.461386,199.27442,-0.0503666496,1261.53577,1263.24545
139.0,96.058422227,102.99820442,96.069120277,786.233143,199.177089,0.218194541,1260.37131,1262.53608
140.0,96.482244772,102.54460421,96.069820367,785.987358,199.073363,0.614417269,1260.45931,1262.10787
141.0,96.509404307,102.32767853,95.874730054,786.123717,199.067784,0.837708797,1260.73022,1263.30005
142.0,96.660415142,102.14705376,95.938031322,786.222194,199.054139,1.06475984,1260.67986,1263.64507
143.0,96.465984874,102.25381205,95.845680968,786.298735,198.981787,1.0836727,1260.41841,1264.75298
144.0,96.461319813,102.18100357,95.729606332,786.482984,198.923681,1.16350561,1260.91393,1265.31235
145.0,96.514177506,102.1040332,95.622881582,786.706037,198.85572,1.24246297,1261.43574,1265.7215
146.0,96.530791694,102.16538649,95.611136638,786.851684,198.784587,1.26234665,1261.38841,1265.91016
147.0,96.314855564,102.51313216,95.651125027,786.879498,198.729129,1.11258896,1260.60976,1266.17717
148.0,96.136960998,102.87392172,95.804835453,786.742756,198.718145,0.929126482,1259.65797,1265.70356
149.0,95.936604477,103.11113864,95.781143451,786.658066,198.754759,0.744782677,1259.43492,1265.48794
150.0,95.84852336,103.23005342,95.831946865,786.610043,198.840134,0.615582648,1259.41751,1264.99788
151.0,95.610262168,103.36366961,95.684751471,786.700464,198.909337,0.443430214,1259.82742,1265.40966
152.0,94.848672207,104.01007975,95.50576651,786.962605,198.96575,-0.0406805535,1259.60071,1267.02411
153.0,93.856946869,105.22966454,95.865301364,786.786853,198.968477,-0.825188538,1257.40385,1267.2056
154.0,93.470267166,105.61288307,95.83376602,786.556205,198.931902,-1.26976835,1257.897,1266.25112
155.0,94.196028951,104.7707734,95.677238919,786.659692,198.983471,-0.995814424,1260.91051,1264.1532
156.0,94.730820024,104.14581318,95.530224166,786.912171,199.016698,-0.680251264,1262.52555,1263.79648
157.0,95.179244948,103.83705153,95.717319427,786.884353,199.000066,-0.373634862,1262.14057,1263.26596
158.0,95.513840083,103.67175924,95.963194568,786.538904,198.958922,-0.0985908571,1260.88907,1262.56571
159.0,95.36123614,103.77420014,95.930566588,786.339974,198.978046,-0.0438231276,1259.85421,1263.2968
160.0,95.055228342,103.94228538,95.819256121,786.410496,199.047231,-0.0996514103,1259.57646,1264.41328
161.0,94.327038886,104.57016781,95.752008644,786.547453,199.076633,-0.470466838,1258.85849,1266.01864
162.0,93.449213438,105.34853875,95.620033516,786.732548,199.05026,-1.01573298,1258.59617,1267.4857
163.0,93.096670629,105.84244834,95.844413344,786.641469,198.999242,-1.39597323,1258.35273,1266.60251
164.0,93.175434007,105.79440304,95.864309375,786.472438,198.932079,-1.48787559,1259.19675,1265.25624
165.0,92.956690973,105.88871261,95.651701803,786.623815,198.934426,-1.64522134,1260.01122,1265.68366
166.0,92.896664697,105.85638424,95.45032284,786.981027,198.946229,-1.68421486,1261.15795,1266.17395
167.0,92.991354053,105.8591476,95.480054177,787.166907,198.912621,-1.65211675,1261.45423,1265.96391
168.0,93.213053408,105.6978876,95.381774106,787.295665,198.85943,-1.50021045,1261.96956,1265.76101
169.0,93.86382241,105.30431912,95.628904528,787.168011,198.856454,-1.11069344,1261.76671,1264.0747
170.0,94.706734004,104.47138399,95.491051939,787.133693,198.874616,-0.466328614,1262.68879,1263.18837
171.0,94.610278972,104.71692625,95.681239522,787.036116,198.972458,-0.343585855,1260.57182,1263.90369
172.0,93.954554768,105.40122837,95.721579299,786.861871,199.041011,-0.576648192,1258.47651,1265.26575
173.0,94.076808159,105.26566053,95.785100379,786.723026,199.136409,-0.447625044,1258.71624,1264.46999
174.0,94.964027827,104.16884873,95.54351711,786.85656,199.209534,0.200472678,1261.35205,1263.39079
175.0,95.520677708,103.57523153,95.566385635,786.988325,199.253846,0.714078497,1261.76963,1263.39869
176.0,95.852846557,103.33200404,95.737330433,786.833394,199.213523,1.10112285,1260.7983,1263.41761
177.0,95.996952993,103.27809508,95.931323796,786.507177,199.174318,1.35977862,1259.39673,1263.33785
178.0,96.013388024,103.07104118,95.698049935,786.527963,199.177829,1.58172557,1259.67091,1264.31453
179.0,96.000055583,103.04508206,95.734120255,786.634612,199.210235,1.70430312,1259.46827,1264.86484
180.0,96.494502525,102.62244244,95.919354102,786.465435,199.1683,2.05991637,1259.62102,1263.7764
181.0,96.504022829,102.56492086,95.926213712,786.304766,199.127246,2.182829,1259.11859,1264.12959
182.0,96.116507672,102.95316082,96.068511295,786.126209,199.123812,2.02596301,1257.76555,1264.76894
183.0,95.914176749,103.03431403,96.024107709,786.037879,199.105523,1.94064449,1257.9014,1265.03528
184.0,96.196549462,102.63542911,95.998912782,786.061018,199.093571,2.11165552,1259.09622,1264.46727
185.0,96.227312362,102.29224216,95.566159641,786.47983,199.045211,2.22778157,1260.93528,1265.86886
186.0,96.671561885,101.97911127,95.7761456,786.642874,198.974134,2.47556185,1261.20473,1265.22694
187.0,97.074654075,101.85338753,96.151722869,786.224163,198.822607,2.68279054,1259.91111,1263.86893
188.0,97.116235998,101.77279679,96.078393433,785.987003,198.765296,2.77357314,1259.40132,1264.07622
189.0,96.507060031,102.11999475,95.697763471,786.341672,198.819545,2.51616604,1259.50868,1266.49778
190.0,95.639808257,102.80870104,95.365673474,786.969904,198.842707,1.99498507,1259.84709,1269.08226
191.0,95.420242242,103.26837485,95.591857805,787.114853,198.770823,1.63653283,1259.66704,1268.37211
192.0,95.622078199,103.26011799,95.673514158,786.9535,198.663385,1.52486949,1260.07072,1266.72468
193.0,96.182064255,102.94231605,95.929126617,786.646213,198.671796,1.66354055,1260.075,1264.3508
194.0,96.431699097,102.54603417,95.609990152,786.734467,198.741929,1.81580872,1261.10941,1264.54435
195.0,96.964508501,102.02853129,95.624072573,786.934534,198.869413,2.13752454,1261.77401,1264.09315
196.0,97.217676731,101.82307702,95.658043567,786.938292,198.90552,2.33158121,1261.38161,1264.22547
197.0,96.460293626,102.6903121,95.827645328,786.74887,198.934693,1.90049611,1258.69862,1265.62222
198.0,95.836451542,103.30319334,95.842532677,786.577498,198.970047,1.4593137,1257.73601,1266.09883
199.0,95.091475038,103.8612446,95.590410101,786.749735,199.030233,0.916372186,1258.16216,1267.24401
200.0,95.049502941,103.89367862,95.599789271,786.921097,199.066703,0.691085305,1259.37589,1266.47508
201.0,95.221106555,103.71593337,95.531931691,787.013887,199.028709,0.635223856,1260.58526,1265.75578
202.0,95.030032135,103.99518237,95.595660853,787.015218,199.0002,0.402483373,1260.14854,1265.76029
203.0,95.044103221,104.07088299,95.65628547,786.927014,198.979147,0.298424046,1260.04227,1265.18007
204.0,94.608126789,104.54663439,95.66806785,786.865459,198.994503,-0.0407518872,1259.21457,1265.62057
205.0,94.563149269,104.47853782,95.440482609,787.058437,199.034664,-0.13029157,1260.37035,1265.7616
206.0,94.876666986,104.45448032,95.919377018,786.793632,199.074696,-0.0986108884,1259.55144,1263.80215
207.0,93.669505314,105.5738505,95.793677667,786.560159,199.063693,-0.818847826,1257.45603,1265.9185
208.0,92.438042935,106.77278024,95.878495319,786.486575,199.152844,-1.68386708,1256.05621,1266.95206
209.0,91.839814272,107.33318905,95.968558199,786.323492,199.183015,-2.27077741,1256.41914,1266.16955
210.0,92.076501746,107.12740728,96.226149416,785.975013,199.192284,-2.36903313,1257.51267,1263.63034
211.0,92.896370669,105.94347799,95.837159821,786.082902,199.185857,-1.88084249,1261.14969,1262.51904
212.0,93.725272804,104.94059913,95.727688332,786.424253,199.191875,-1.25561655,1263.08967,1262.40096
213.0,93.891794817,104.7896571,95.781030709,786.517921,199.074533,-0.95437659,1262.30747,1263.51877
214.0,94.115663087,104.50886545,95.610208661,786.673757,198.938312,-0.603500403,1262.43145,1264.54409
215.0,93.838953,104.78976239,95.470470323,786.960684,198.852692,-0.586010287,1261.70725,1266.31819
216.0,93.576830667,105.32290031,95.72155905,786.908349,198.776638,-0.711853848,1259.98542,1266.41425
217.0,93.677064116,105.32437827,95.701092416,786.795988,198.72733,-0.64063161,1259.98778,1265.75741
218.0,94.03656287,104.98353657,95.629338425,786.867614,198.784797,-0.386294464,1260.74904,1265.06091
219.0,94.4160375,104.7179739,95.769031454,786.808137,198.857012,-0.101807238,1260.55699,1264.23853
220.0,95.035646075,104.06322264,95.696184516,786.777425,198.911374,0.405499163,1261.29424,1263.60247
221.0,95.215405251,103.79687533,95.570658343,786.91848,198.985587,0.719519649,1261.26805,1264.43991
222.0,95.414962664,103.47997122,95.34142375,787.22798,199.023348,1.04565512,1261.86291,1265.4821
223.0,95.889717842,103.16714539,95.512205993,787.272032,199.019659,1.43861921,1261.53907,1264.96392
224.0,96.75814865,102.48596755,95.69817199,787.01033,198.978084,2.0617463,1261.39777,1263.39188
225.0,97.181869909,102.17400499,95.847741653,786.701994,199.004343,2.48404069,1260.21652,1262.97808
226.0,96.580255091,102.76677167,95.909076545,786.483002,199.084268,2.31298372,1257.85161,1264.57923
227.0,96.392838879,102.67848234,95.578388522,786.691216,199.174804,2.33854608,1258.8653,1265.72242
228.0,95.751721266,103.16188771,95.403423184,787.080589,199.232211,2.00896289,1258.93788,1267.58145
229.0,95.508739202,103.5707002,95.662543332,787.022403,199.178581,1.74141106,1258.36165,1267.00723
230.0,95.246473937,104.01185912,95.925661712,786.605532,199.090257,1.42547963,1257.31082,1265.91824
231.0,95.661532891,103.77792909,96.324492733,785.980989,199.086651,1.49656477,1257.03974,1263.09438
232.0,96.000303884,103.25182197,96.258581189,785.656548,199.143878,1.69862506,1257.92921,1262.1795
233.0,96.079694092,102.80331462,95.980599116,785.861778,199.242406,1.86905145,1259.31153,1263.2474
234.0,95.909898518,102.59330933,95.583646746,786.42222,199.245646,1.92076553,1260.83589,1265.54118
235.0,95.618347985,102.57756403,95.055800852,787.26442,199.124767,1.86135981,1262.65124,1268.35748
236.0,95.508339093,102.95890866,95.222134558,787.630459,198.91758,1.70094598,1262.12359,1268.72365
237.0,94.916163124,104.03261682,95.582472991,787.323415,198.677024,1.14827863,1259.2944,1268.42272
238.0,94.180263122,105.18264292,95.947362853,786.749631,198.607099,0.436057957,1256.52878,1267.30009
239.0,93.459326736,105.99521069,96.011993058,786.380258,198.720993,-0.252391302,1255.62286,1266.46683
240.0,93.02940822,106.44726186,96.207724156,786.085276,198.934964,-0.776012342,1255.49784,1265.04174
241.0,92.77470444,106.2898755,95.788839678,786.266865,199.108155,-1.03637199,1257.95539,1265.28779
242.0,93.123695763,105.77562786,95.795421117,786.50722,199.230993,-0.932436449,1260.00181,1264.40667
243.0,93.418662697,105.3717161,95.754446607,786.560027,199.175522,-0.760991693,1261.01341,1264.22529
244.0,94.003305474,104.81838059,95.866254788,786.469131,199.083456,-0.379614219,1261.45494,1263.38071
245.0,94.342603478,104.60845543,96.107514621,786.157297,198.985764,-0.101286872,1260.39282,1262.83325
246.0,94.717289839,104.31545814,96.325579082,785.749676,198.931071,0.228681436,1259.45153,1262.09225
247.0,95.125249931,103.6740327,96.097098266,785.745207,198.937734,0.681915176,1260.37798,1262.53172
248.0,95.3369042,103.12411721,95.686461313,786.260827,198.969405,1.07444329,1261.92574,1264.4255
249.0,95.368085078,103.03433791,95.598695781,786.70644,198.912698,1.27687377,1262.05478,1265.98399
250.0,96.053737386,102.43587992,95.583171476,786.884714,198.762139,1.78750799,1262.87514,1265.52594
251.0,95.852327263,102.82335779,95.661031684,786.882511,198.642233,1.76621264,1261.11426,1266.47619
252.0,95.398408175,103.47766924,95.769131521,786.766228,198.591361,1.51124388,1259.23546,1267.01468
253.0,94.808754734,104.14694179,95.737638277,786.733668,198.619469,1.1109406,1258.25858,1267.51322
254.0,93.815682793,105.33922085,96.012225409,786.507451,198.705005,0.352464431,1256.06837,1267.63937
255.0,93.854918129,105.18958498,95.853707001,786.439633,198.788569,0.202643858,1257.88025,1266.25567
256.0,94.771733551,104.25670736,95.948943159,786.412484,198.910681,0.613531026,1260.11493,1263.6551
257.0,95.428393414,103.63011645,96.141548608,786.15003,198.955288,1.01708272,1260.28623,1262.3188
258.0,95.677138062,102.9855337,95.612093242,786.440344,198.979672,1.39640319,1261.90647,1264.00894
259.0,96.133467728,102.44331735,95.525074689,786.884763,199.005952,1.83599866,1262.7345,1264.81963
260.0,96.21694922,102.40560328,95.460141295,787.101927,198.891525,2.02626942,1262.26879,1266.00849
261.0,96.190723257,102.7359916,95.765647617,786.919172,198.786612,2.02844218,1260.31059,1265.83951
262.0,95.95330428,103.13053248,95.859073119,786.630389,198.731925,1.87994009,1258.83716,1265.78491
263.0,95.873067519,103.47220517,96.296803241,786.117798,198.796855,1.72786014,1257.02228,1264.2683
264.0,95.489552511,103.57930088,95.968288042,786.045954,198.892516,1.5215582,1257.6265,1265.0604
265.0,95.109263534,103.71121596,95.77481569,786.384232,199.043435,1.28686836,1258.6115,1266.10711
266.0,94.689554011,103.93684936,95.551009482,786.764036,199.051908,0.998214313,1259.63567,1267.33394
267.0,94.720346694,103.8454141,95.394521746,787.112855,198.974765,0.924495454,1261.0933,1267.45409
268.0,94.776348422,103.91582979,95.402108667,787.282139,198.858644,0.843747783,1261.37898,1267.22535
269.0,94.991385946,103.98403149,95.606008421,787.149819,198.761017,0.8348947,1260.77052,1266.05576
270.0,95.034580395,104.12443967,95.686585462,786.952744,198.73807,0.777216778,1259.97467,1265.40934
271.0,95.309641882,104.12901021,96.082797232,786.513126,198.817186,0.833259076,1258.67764,1263.5438
272.0,95.820375335,103.59252427,96.142326916,786.123633,198.931131,1.14281012,1258.93534,1262.10777
273.0,96.071831224,102.93279784,95.698036946,786.386842,199.100305,1.47224319,1260.6966,1263.25285
274.0,96.226388962,102.52084529,95.45672067,786.903231,199.204503,1.7371336,1261.87281,1264.80625
275.0,96.435853726,102.30183346,95.438624831,787.158524,199.137878,1.96289065,1262.07291,1265.52329
276.0,96.331426034,102.66479163,95.75542532,786.925276,199.007664,1.90669744,1260.10415,1265.47094
277.0,95.764667867,103.41903153,95.970194366,786.492514,198.917672,1.53107364,1257.7445,1265.65488
278.0,95.13965201,104.17543469,96.23601633,786.031511,198.943854,1.03786015,1255.9175,1265.19865
279.0,94.775550381,104.2398442,95.893802183,786.089591,199.023802,0.754656839,1257.43009,1265.57606
280.0,94.822925152,104.03113635,95.827689318,786.356835,199.120897,0.684347588,1259.10107,1265.28211
281.0,95.258508254,103.42509422,95.634984922,786.622606,199.085729,0.907495192,1261.284,1264.96799
282.0,95.133118864,103.53424341,95.597527877,786.820598,199.008507,0.840215315,1261.1657,1265.85948
283.0,94.614675837,104.12520476,95.600235364,786.890578,198.900205,0.506349623,1260.0813,1266.96128
284.0,94.650900712,104.31536746,95.833643607,786.706612,198.822591,0.392686841,1259.49221,1265.79728
285.0,94.737683815,104.21951099,95.697815376,786.674524,198.795021,0.381030465,1260.07815,1265.40157
286.0,95.123880342,103.93232348,95.820896489,786.650093,198.852103,0.547767299,1260.3767,1264.28611
287.0,95.187896045,103.83232989,95.742220895,786.653154,198.887134,0.616226617,1260.4003,1264.51125
288.0,95.640200259,103.48937055,95.974555779,786.479755,198.94349,0.88579896,1260.18129,1263.32664
289.0,96.125893333,103.01316767,96.09299154,786.180883,198.969069,1.24256034,1260.04209,1262.41762
290.0,96.096944894,102.97777788,96.181209247,785.940786,199.022569,1.35056217,1259.05706,1262.81504
291.0,95.823506312,103.010459,96.005068282,785.976576,199.0614,1.33524037,1259.06678,1264.1833
292.0,95.09066589,103.42530291,95.635617421,786.41413,199.065841,1.01872298,1259.52791,1266.86776
293.0,94.398861801,104.00044088,95.428952637,786.919991,198.988549,0.582394225,1260.02568,1268.69815
294.0,93.857756042,104.57569005,95.259804701,787.328244,198.831022,0.122887966,1260.59989,1269.59068
295.0,93.395374388,105.33942524,95.410168436,787.413144,198.687116,-0.403344446,1259.90965,1269.14712
296.0,93.471528372,105.6735218,95.745222671,787.074455,198.602559,-0.660846418,1259.19849,1266.7296
297.0,93.792266951,105.62331206,96.012823425,786.583723,198.646639,-0.684971047,1258.73395,1264.16378
298.0,93.899069989,105.40118631,95.84459392,786.480527,198.812776,-0.643227306,1259.33614,1263.74962
299.0,94.19315282,104.904409,95.649090301,786.725869,199.01371,-0.405202721,1260.73798,1263.86243
300.0,94.372594775,104.72425202,95.779813494,786.750405,199.109225,-0.233036929,1260.52467,1263.83418
301.0,94.965714361,104.15996796,95.935225654,786.501958,199.105338,0.198273187,1260.65101,1262.73124
302.0,95.746765908,103.16441397,95.679841959,786.561583,199.102507,0.867271901,1262.24042,1262.64309
303.0,96.598356067,102.53252124,96.164361944,786.263752,199.110232,1.52226036,1261.09457,1261.26761
304.0,96.733645021,102.41725151,96.326323067,785.753109,199.043881,1.84187022,1259.21029,1261.63842
305.0,96.470256333,102.52596668,96.331724303,785.521401,199.07288,1.91905503,1258.00436,1262.8538
306.0,95.761169953,102.84695564,95.96429664,785.793046,199.098886,1.70942014,1258.26386,1265.57327
307.0,95.630159045,102.62687595,95.532225527,786.462794,199.064665,1.7301058,1260.69587,1267.21285
308.0,95.728238644,102.55102075,95.49028486,786.914718,198.912485,1.76452351,1261.75613,1267.58665
309.0,95.294875481,103.17685854,95.533300761,787.02572,198.694002,1.43887455,1260.71028,1268.35504
310.0,95.375096815,103.41424129,95.745456422,786.866785,198.555754,1.3226761,1260.05816,1267.00669
311.0,95.272718837,103.7596456,95.907386725,786.598355,198.527748,1.11807662,1258.99905,1266.0092
312.0,95.823642102,103.32917402,96.022251901,786.365075,198.614944,1.3336094,1259.53231,1263.958
313.0,96.105715355,102.94336585,95.900367101,786.364335,198.754084,1.5293813,1260.14895,1263.74366
314.0,96.203414493,102.58413931,95.55707622,786.741048,198.886995,1.70629631,1261.38054,1264.97618
315.0,95.784568531,102.95771541,95.500674393,787.063056,198.941024,1.52136115,1260.76385,1266.65702
316.0,96.223064026,102.50851536,95.360793071,787.286697,198.889867,1.77237396,1262.14549,1266.23877
317.0,96.616827201,102.25996825,95.398296568,787.385517,198.840673,1.9863078,1262.2429,1265.76679
318.0,96.731814895,102.36494933,95.523307053,787.285336,198.804308,2.03620696,1261.12304,1265.51325
319.0,96.579893086,102.76200384,95.757474973,786.988739,198.828471,1.89727762,1259.24624,1265.12075
320.0,96.081340221,103.40861355,95.975954673,786.587322,198.917902,1.52559096,1257.24,1264.93704
321.0,95.285403169,104.15630768,96.040967095,786.294574,199.059233,0.959032613,1256.00629,1265.29438
322.0,94.571189084,104.63546868,95.908038041,786.283155,199.202807,0.421673799,1256.47178,1265.83586
323.0,94.303829578,104.79160897,96.007127798,786.229691,199.282441,0.0856732945,1257.27341,1265.14375
324.0,94.572445147,104.39418446,96.034502459,786.097222,199.25718,0.109647712,1258.83523,1263.85551
325.0,93.955281433,104.69875017,95.688712389,786.343738,199.203266,-0.246178195,1259.50292,1265.86025
326.0,93.225294102,105.16150107,95.258705194,786.997455,199.124387,-0.696215738,1260.73162,1268.34013
327.0,93.666881085,104.92607328,95.403481007,787.287103,198.967602,-0.623548478,1262.05586,1266.92952
328.0,94.047546328,104.91828786,95.711281686,787.017319,198.774,-0.558174012,1261.28458,1265.19382
329.0,94.403023081,104.68858739,95.678954581,786.838617,198.713651,-0.376596791,1261.20421,1264.3316
330.0,94.456272299,104.70501469,95.682876789,786.84313,198.797712,-0.311248858,1260.61765,1264.40729
331.0,94.704014299,104.43419653,95.594755182,786.9398,198.895678,-0.100360528,1260.99612,1264.35672
332.0,95.272225772,103.94745748,95.736780149,786.879019,198.984215,0.292824635,1261.12376,1263.34506
333.0,95.854420553,103.33366429,95.720653186,786.78064,199.035547,0.776121628,1261.42637,1262.86926
334.0,96.023873303,103.2415892,95.950361761,786.533907,199.096925,1.02257309,1260.00383,1262.82705
335.0,95.826891549,103.36510393,95.96620293,786.307309,199.127312,1.06855496,1258.90015,1263.60131
336.0,95.881157268,103.07057679,95.731265015,786.443607,199.173362,1.25245267,1259.85601,1264.36637
337.0,95.793309113,103.09801583,95.750306803,786.58306,199.179573,1.28547965,1259.81796,1265.03354
338.0,94.976616355,103.97709417,95.900498674,786.458223,199.103627,0.816672337,1257.88032,1266.30907
339.0,93.705622434,105.27522852,95.991941232,786.252796,199.03286,-0.0255711308,1255.92814,1267.57897
340.0,92.89416881,106.24614516,96.381672373,785.791063,199.006477,-0.768740185,1254.61386,1266.39082
341.0,92.356718676,106.73915797,96.541379274,785.303971,198.997935,-1.33582637,1254.70144,1264.98265
342.0,92.377802612,106.38304954,96.331299184,785.278443,199.045394,-1.4549301,1257.25165,1264.07844
343.0,92.599567213,105.55103641,95.592323012,786.065709,199.062222,-1.2588975,1261.73505,1265.49355
344.0,93.023815701,104.99150414,95.395580674,786.861677,198.961765,-0.953779672,1264.02378,1266.39092
345.0,93.277430016,104.84395031,95.265097289,787.301535,198.691378,-0.734988126,1264.46515,1267.31283
346.0,93.826057602,104.74374325,95.559767694,787.248179,198.466025,-0.420743823,1263.34135,1266.1515
347.0,94.378995908,104.60666667,95.820275108,786.87911,198.351143,-0.0758066189,1261.77998,1264.59926
348.0,95.10472824,104.20039126,96.12948807,786.403502,198.424029,0.41547474,1260.44983,1262.57693
349.0,95.114153063,104.08475576,95.95236479,786.298509,198.61124,0.637401722,1259.74186,1263.41102
350.0,95.196218707,103.807994,95.777444582,786.53066,198.842533,0.895471727,1260.17277,1264.33627
351.0,95.437933371,103.61798723,96.032408091,786.420574,198.961325,1.15364692,1259.5598,1263.88363
352.0,95.846235078,103.0683292,95.946999415,786.283185,198.975621,1.55860107,1260.18138,1263.66882
353.0,96.768379142,102.07266713,95.989068535,786.228145,199.002387,2.27278073,1261.27601,1262.62732
354.0,97.093056736,101.63943559,95.911931307,786.245386,198.973113,2.70957247,1261.12269,1263.50505
355.0,97.049390002,101.52570448,95.680832711,786.503806,198.929091,2.92529314,1261.09462,1265.37288
356.0,96.584123743,102.02545664,95.676386253,786.711258,198.863558,2.76459682,1259.92081,1267.08544
357.0,95.640216023,103.02034309,95.604700459,786.844202,198.767403,2.19732644,1258.52395,1268.90074
358.0,95.157774387,103.6602042,95.691367754,786.856337,198.714796,1.73280685,1258.12246,1268.56842
359.0,94.751394265,104.17555835,95.709029524,786.812466,198.696717,1.27394439,1258.08297,1267.98944
